{"chunk_definitions":[{"chunk_id":"csetup_chunk","chunk_label":"setup","document_id":"7DDD7D1C","expansion_state":0,"options":{"engine":"r","include":false,"label":"setup"},"row":17,"row_count":1,"visible":true},{"chunk_id":"cllcrx3sfwbmg","chunk_label":"unnamed-chunk-2","document_id":"7DDD7D1C","expansion_state":0,"options":{"echo":false,"engine":"r","include":false,"label":"unnamed-chunk-1"},"row":38,"row_count":1,"visible":true},{"chunk_id":"c0mamdm6rk241","chunk_label":"unnamed-chunk-3","document_id":"7DDD7D1C","expansion_state":0,"options":{"engine":"r","label":"unnamed-chunk-5"},"row":43,"row_count":1,"visible":true},{"chunk_id":"cmtg8568ufvq4","chunk_label":"unnamed-chunk-4","document_id":"7DDD7D1C","expansion_state":0,"options":{"engine":"r","label":"unnamed-chunk-6"},"row":48,"row_count":1,"visible":true},{"chunk_id":"cn668r1crkmt2","chunk_label":"unnamed-chunk-5","document_id":"7DDD7D1C","expansion_state":0,"options":{"engine":"r","label":"unnamed-chunk-74"},"row":75,"row_count":1,"visible":true}],"default_chunk_options":{"echo":true},"doc_write_time":1584237664,"working_dir":null}