{"chunk_definitions":[{"chunk_id":"csetup_chunk","chunk_label":"setup","document_id":"49405009","expansion_state":0,"options":{"engine":"r","include":false,"label":"setup"},"row":22,"row_count":1,"visible":true},{"chunk_id":"cdcyqqrumlpoy","chunk_label":"unnamed-chunk-1","document_id":"49405009","expansion_state":0,"options":{"echo":false,"engine":"r","include":false,"label":"unnamed-chunk-266"},"row":30,"row_count":1,"visible":true},{"chunk_id":"c3dd4zcxkoekm","chunk_label":"unnamed-chunk-2","document_id":"49405009","expansion_state":0,"options":{"engine":"r","label":"unnamed-chunk-267"},"row":37,"row_count":1,"visible":true},{"chunk_id":"c58c1s5dil5pm","chunk_label":"unnamed-chunk-3","document_id":"49405009","expansion_state":0,"options":{"engine":"r","label":"unnamed-chunk-268"},"row":62,"row_count":1,"visible":true},{"chunk_id":"c60ssx2r7dkq2","chunk_label":"unnamed-chunk-4","document_id":"49405009","expansion_state":0,"options":{"engine":"r","label":"unnamed-chunk-269"},"row":74,"row_count":1,"visible":true},{"chunk_id":"c8cizifo29exw","chunk_label":"unnamed-chunk-5","document_id":"49405009","expansion_state":0,"options":{"engine":"r","label":"unnamed-chunk-270"},"row":88,"row_count":1,"visible":true},{"chunk_id":"c8rq0tycvlmmw","chunk_label":"unnamed-chunk-6","document_id":"49405009","expansion_state":0,"options":{"engine":"r","label":"unnamed-chunk-271"},"row":112,"row_count":1,"visible":true},{"chunk_id":"cqjqjll1p8lkr","chunk_label":"unnamed-chunk-7","document_id":"49405009","expansion_state":0,"options":{"engine":"r","label":"unnamed-chunk-272"},"row":147,"row_count":1,"visible":true},{"chunk_id":"cbh2ta0vfebc9","chunk_label":"unnamed-chunk-8","document_id":"49405009","expansion_state":0,"options":{"engine":"r","label":"unnamed-chunk-273"},"row":156,"row_count":1,"visible":true},{"chunk_id":"ck0wkqlzbanqr","chunk_label":"unnamed-chunk-9","document_id":"49405009","expansion_state":0,"options":{"engine":"r","label":"unnamed-chunk-274"},"row":168,"row_count":1,"visible":true},{"chunk_id":"c98n1xcohn84w","chunk_label":"unnamed-chunk-10","document_id":"49405009","expansion_state":0,"options":{"engine":"r","label":"unnamed-chunk-275"},"row":181,"row_count":1,"visible":true},{"chunk_id":"cu5khb36hy5g4","chunk_label":"unnamed-chunk-11","document_id":"49405009","expansion_state":0,"options":{"engine":"r","label":"unnamed-chunk-276"},"row":215,"row_count":1,"visible":true},{"chunk_id":"ch2wpmjacxps1","chunk_label":"unnamed-chunk-12","document_id":"49405009","expansion_state":0,"options":{"engine":"r","label":"unnamed-chunk-297"},"row":264,"row_count":1,"visible":true},{"chunk_id":"cgju8ndydjk9q","chunk_label":"unnamed-chunk-13","document_id":"49405009","expansion_state":0,"options":{"engine":"r","label":"unnamed-chunk-278"},"row":276,"row_count":1,"visible":true},{"chunk_id":"cvjo8ejrs1cst","chunk_label":"unnamed-chunk-14","document_id":"49405009","expansion_state":0,"options":{"engine":"r","eval":false,"include":false,"label":"unnamed-chunk-228"},"row":283,"row_count":1,"visible":true},{"chunk_id":"cir5qwglgp5mx","chunk_label":"unnamed-chunk-15","document_id":"49405009","expansion_state":0,"options":{"engine":"r","eval":false,"include":false,"label":"unnamed-chunk-131"},"row":288,"row_count":1,"visible":true},{"chunk_id":"ckt1pnhf8c3wx","chunk_label":"unnamed-chunk-16","document_id":"49405009","expansion_state":0,"options":{"engine":"r","label":"unnamed-chunk-279"},"row":295,"row_count":1,"visible":true},{"chunk_id":"cs4ipsdnn05oh","chunk_label":"unnamed-chunk-17","document_id":"49405009","expansion_state":0,"options":{"engine":"r","label":"unnamed-chunk-280"},"row":305,"row_count":1,"visible":true},{"chunk_id":"cnjc0aq0pjw1i","chunk_label":"unnamed-chunk-18","document_id":"49405009","expansion_state":0,"options":{"engine":"r","label":"unnamed-chunk-281"},"row":310,"row_count":1,"visible":true},{"chunk_id":"cvvih378r64hg","chunk_label":"unnamed-chunk-19","document_id":"49405009","expansion_state":0,"options":{"engine":"r","label":"unnamed-chunk-282"},"row":318,"row_count":1,"visible":true},{"chunk_id":"c9tupc01izp0h","chunk_label":"unnamed-chunk-20","document_id":"49405009","expansion_state":0,"options":{"engine":"r","label":"unnamed-chunk-283"},"row":326,"row_count":1,"visible":true},{"chunk_id":"chv0vcf3j0pmb","chunk_label":"unnamed-chunk-21","document_id":"49405009","expansion_state":0,"options":{"engine":"r","label":"unnamed-chunk-284"},"row":331,"row_count":1,"visible":true},{"chunk_id":"cwb7ee31zz9fy","chunk_label":"unnamed-chunk-22","document_id":"49405009","expansion_state":0,"options":{"engine":"r","label":"unnamed-chunk-285"},"row":339,"row_count":1,"visible":true},{"chunk_id":"c69fja3v6f3nx","chunk_label":"unnamed-chunk-23","document_id":"49405009","expansion_state":0,"options":{"engine":"r","label":"unnamed-chunk-286"},"row":347,"row_count":1,"visible":true},{"chunk_id":"clkc38sx204lx","chunk_label":"unnamed-chunk-24","document_id":"49405009","expansion_state":0,"options":{"engine":"r","label":"unnamed-chunk-287"},"row":352,"row_count":1,"visible":true},{"chunk_id":"ch5io7qhfs1o1","chunk_label":"unnamed-chunk-25","document_id":"49405009","expansion_state":0,"options":{"engine":"r","label":"unnamed-chunk-288"},"row":361,"row_count":1,"visible":true},{"chunk_id":"cba5yipxs8pq7","chunk_label":"unnamed-chunk-26","document_id":"49405009","expansion_state":0,"options":{"engine":"r","label":"unnamed-chunk-289"},"row":369,"row_count":1,"visible":true},{"chunk_id":"cjtf0ugxkb2cw","chunk_label":"unnamed-chunk-27","document_id":"49405009","expansion_state":0,"options":{"engine":"r","label":"unnamed-chunk-290"},"row":374,"row_count":1,"visible":true},{"chunk_id":"c3hzjh4cuuq5x","chunk_label":"unnamed-chunk-28","document_id":"49405009","expansion_state":0,"options":{"engine":"r","label":"unnamed-chunk-291"},"row":383,"row_count":1,"visible":true},{"chunk_id":"c6479zn0o1wnz","chunk_label":"unnamed-chunk-29","document_id":"49405009","expansion_state":0,"options":{"engine":"r","label":"unnamed-chunk-256"},"row":390,"row_count":1,"visible":true},{"chunk_id":"ce74fourhhn83","chunk_label":"unnamed-chunk-30","document_id":"49405009","expansion_state":0,"options":{"engine":"r","label":"unnamed-chunk-296"},"row":401,"row_count":1,"visible":true},{"chunk_id":"cs450ybshc39j","chunk_label":"unnamed-chunk-31","document_id":"49405009","expansion_state":0,"options":{"engine":"r","label":"unnamed-chunk-261"},"row":406,"row_count":1,"visible":true},{"chunk_id":"chnapcgi72j0b","chunk_label":"unnamed-chunk-33","document_id":"49405009","expansion_state":1,"options":{"engine":"r","label":"unnamed-chunk-194"},"row":431,"row_count":1,"visible":true},{"chunk_id":"c3o3g7opugqkf","chunk_label":"unnamed-chunk-34","document_id":"49405009","expansion_state":0,"options":{"engine":"r","label":"unnamed-chunk-208"},"row":438,"row_count":1,"visible":true},{"chunk_id":"cdd8m96vvtnir","chunk_label":"unnamed-chunk-36","document_id":"49405009","expansion_state":0,"options":{"engine":"r","label":"unnamed-chunk-218"},"row":472,"row_count":1,"visible":true}],"chunk_rendered_width":616,"default_chunk_options":{"echo":true},"doc_write_time":1586229271,"working_dir":null}