{"chunk_definitions":[{"chunk_id":"csetup_chunk","chunk_label":"setup","document_id":"49405009","expansion_state":0,"options":{"engine":"r","include":false,"label":"setup"},"row":22,"row_count":1,"visible":true},{"chunk_id":"cdcyqqrumlpoy","chunk_label":"unnamed-chunk-1","document_id":"49405009","expansion_state":0,"options":{"echo":false,"engine":"r","include":false,"label":"unnamed-chunk-63"},"row":31,"row_count":1,"visible":true},{"chunk_id":"c58c1s5dil5pm","chunk_label":"unnamed-chunk-3","document_id":"49405009","expansion_state":0,"options":{"engine":"r","label":"unnamed-chunk-65"},"row":63,"row_count":1,"visible":true},{"chunk_id":"cilx9rj9dwxqp","chunk_label":"unnamed-chunk-4","document_id":"C022ACF9","expansion_state":0,"options":{"engine":"r","label":"unnamed-chunk-66"},"row":87,"row_count":1,"visible":true},{"chunk_id":"ck2l338di5yum","chunk_label":"unnamed-chunk-5","document_id":"C022ACF9","expansion_state":0,"options":{"engine":"r","label":"unnamed-chunk-67"},"row":95,"row_count":1,"visible":true},{"chunk_id":"csfdgkq5jdn8y","chunk_label":"unnamed-chunk-6","document_id":"C022ACF9","expansion_state":0,"options":{"engine":"r","label":"unnamed-chunk-68"},"row":107,"row_count":1,"visible":true},{"chunk_id":"cqovncc0j113c","chunk_label":"unnamed-chunk-7","document_id":"C022ACF9","expansion_state":0,"options":{"engine":"r","label":"unnamed-chunk-69"},"row":121,"row_count":1,"visible":true},{"chunk_id":"czhkb5vkfoa2d","chunk_label":"unnamed-chunk-8","document_id":"C022ACF9","expansion_state":0,"options":{"engine":"r","label":"unnamed-chunk-70"},"row":145,"row_count":1,"visible":true},{"chunk_id":"cvoxsd7us749b","chunk_label":"unnamed-chunk-9","document_id":"C022ACF9","expansion_state":0,"options":{"engine":"r","label":"unnamed-chunk-100"},"row":164,"row_count":1,"visible":true},{"chunk_id":"c5gup96j4gdqj","chunk_label":"unnamed-chunk-10","document_id":"C022ACF9","expansion_state":0,"options":{"engine":"r","label":"unnamed-chunk-98"},"row":171,"row_count":1,"visible":true},{"chunk_id":"c7nefayfgh7et","chunk_label":"unnamed-chunk-11","document_id":"C022ACF9","expansion_state":0,"options":{"engine":"r","label":"unnamed-chunk-99"},"row":184,"row_count":1,"visible":true},{"chunk_id":"clvx1oqqebhdx","chunk_label":"unnamed-chunk-12","document_id":"C022ACF9","expansion_state":0,"options":{"engine":"r","label":"unnamed-chunk-101"},"row":187,"row_count":1,"visible":true},{"chunk_id":"cjbvlo76his48","chunk_label":"unnamed-chunk-13","document_id":"C022ACF9","expansion_state":0,"options":{"engine":"r","label":"unnamed-chunk-74"},"row":219,"row_count":1,"visible":true},{"chunk_id":"c65pxdl8v3w1w","chunk_label":"unnamed-chunk-14","document_id":"C022ACF9","expansion_state":0,"options":{"engine":"r","label":"unnamed-chunk-75"},"row":228,"row_count":1,"visible":true},{"chunk_id":"c4awm9t3xzqld","chunk_label":"unnamed-chunk-15","document_id":"C022ACF9","expansion_state":0,"options":{"engine":"r","label":"unnamed-chunk-76"},"row":242,"row_count":1,"visible":true},{"chunk_id":"cxa8skyaab3oq","chunk_label":"unnamed-chunk-16","document_id":"C022ACF9","expansion_state":0,"options":{"engine":"r","label":"unnamed-chunk-77"},"row":255,"row_count":1,"visible":true},{"chunk_id":"cxgefhmkwo2f8","chunk_label":"unnamed-chunk-17","document_id":"C022ACF9","expansion_state":0,"options":{"engine":"r","label":"unnamed-chunk-78"},"row":285,"row_count":1,"visible":true},{"chunk_id":"ceivl635v60t2","chunk_label":"unnamed-chunk-18","document_id":"C022ACF9","expansion_state":0,"options":{"engine":"r","label":"unnamed-chunk-79"},"row":335,"row_count":1,"visible":true},{"chunk_id":"cyhht5xcdds1g","chunk_label":"unnamed-chunk-19","document_id":"C022ACF9","expansion_state":0,"options":{"engine":"r","label":"unnamed-chunk-80"},"row":347,"row_count":1,"visible":true},{"chunk_id":"c8jdzac72wyn7","chunk_label":"unnamed-chunk-20","document_id":"C022ACF9","expansion_state":0,"options":{"engine":"r","eval":false,"include":false,"label":"unnamed-chunk-56"},"row":354,"row_count":1,"visible":true},{"chunk_id":"cpixftxtx2my2","chunk_label":"unnamed-chunk-21","document_id":"C022ACF9","expansion_state":0,"options":{"engine":"r","eval":false,"include":false,"label":"unnamed-chunk-57"},"row":359,"row_count":1,"visible":true},{"chunk_id":"ch5io7qhfs1o1","chunk_label":"unnamed-chunk-22","document_id":"49405009","expansion_state":0,"options":{"engine":"r","label":"unnamed-chunk-91"},"row":366,"row_count":1,"visible":true},{"chunk_id":"c2lt2z5nnncf5","chunk_label":"unnamed-chunk-23","document_id":"C022ACF9","expansion_state":0,"options":{"engine":"r","label":"unnamed-chunk-82"},"row":376,"row_count":1,"visible":true},{"chunk_id":"cpmfbqprenmo7","chunk_label":"unnamed-chunk-24","document_id":"C022ACF9","expansion_state":0,"options":{"engine":"r","label":"unnamed-chunk-83"},"row":381,"row_count":1,"visible":true},{"chunk_id":"cxt0sju3m1hoz","chunk_label":"unnamed-chunk-25","document_id":"C022ACF9","expansion_state":0,"options":{"engine":"r","label":"unnamed-chunk-84"},"row":389,"row_count":1,"visible":true},{"chunk_id":"cp2dajrqork0d","chunk_label":"unnamed-chunk-26","document_id":"C022ACF9","expansion_state":0,"options":{"engine":"r","label":"unnamed-chunk-85"},"row":398,"row_count":1,"visible":true},{"chunk_id":"ctz778vdfrwis","chunk_label":"unnamed-chunk-27","document_id":"C022ACF9","expansion_state":0,"options":{"engine":"r","label":"unnamed-chunk-86"},"row":403,"row_count":1,"visible":true},{"chunk_id":"c4iclnypqc565","chunk_label":"unnamed-chunk-28","document_id":"C022ACF9","expansion_state":0,"options":{"engine":"r","label":"unnamed-chunk-87"},"row":411,"row_count":1,"visible":true},{"chunk_id":"cxf3iuc5hc0jk","chunk_label":"unnamed-chunk-29","document_id":"C022ACF9","expansion_state":0,"options":{"engine":"r","label":"unnamed-chunk-88"},"row":419,"row_count":1,"visible":true},{"chunk_id":"caehbl82hq8ad","chunk_label":"unnamed-chunk-30","document_id":"C022ACF9","expansion_state":0,"options":{"engine":"r","label":"unnamed-chunk-89"},"row":424,"row_count":1,"visible":true},{"chunk_id":"cor2yj345i957","chunk_label":"unnamed-chunk-31","document_id":"C022ACF9","expansion_state":0,"options":{"engine":"r","label":"unnamed-chunk-90"},"row":433,"row_count":1,"visible":true},{"chunk_id":"cw7bfemwvlhn4","chunk_label":"unnamed-chunk-32","document_id":"C022ACF9","expansion_state":0,"options":{"engine":"r","label":"unnamed-chunk-25"},"row":441,"row_count":1,"visible":true},{"chunk_id":"cy9hwt0ttxm00","chunk_label":"unnamed-chunk-33","document_id":"C022ACF9","expansion_state":0,"options":{"engine":"r","label":"unnamed-chunk-24"},"row":446,"row_count":1,"visible":true},{"chunk_id":"cevp88u4ktbri","chunk_label":"unnamed-chunk-34","document_id":"C022ACF9","expansion_state":0,"options":{"engine":"r","label":"unnamed-chunk-92"},"row":455,"row_count":1,"visible":true},{"chunk_id":"cnkn4baj0zyrc","chunk_label":"unnamed-chunk-35","document_id":"C022ACF9","expansion_state":0,"options":{"engine":"r","label":"unnamed-chunk-95"},"row":475,"row_count":1,"visible":true},{"chunk_id":"c6n66alxyqbzy","chunk_label":"unnamed-chunk-36","document_id":"C022ACF9","expansion_state":0,"options":{"echo":true,"engine":"r","label":"unnamed-chunk-94"},"row":483,"row_count":1,"visible":true},{"chunk_id":"chz7dboi6y500","chunk_label":"unnamed-chunk-37","document_id":"C022ACF9","expansion_state":0,"options":{"engine":"r","label":"unnamed-chunk-104"},"row":490,"row_count":1,"visible":true},{"chunk_id":"ch6a6qs5371r7","chunk_label":"unnamed-chunk-38","document_id":"C022ACF9","expansion_state":0,"options":{"engine":"r","label":"unnamed-chunk-102"},"row":499,"row_count":1,"visible":true},{"chunk_id":"ck63u7lbbne73","chunk_label":"unnamed-chunk-39","document_id":"C022ACF9","expansion_state":0,"options":{"engine":"r","label":"unnamed-chunk-103"},"row":538,"row_count":1,"visible":true}],"chunk_rendered_width":700,"default_chunk_options":{"echo":true},"doc_write_time":1587274001,"working_dir":null}