{"chunk_definitions":[{"chunk_id":"csetup_chunk","chunk_label":"setup","document_id":"B5FEE1F7","expansion_state":0,"options":{"engine":"r","include":false,"label":"setup"},"row":17,"row_count":1,"visible":true},{"chunk_id":"cxfcdliwdsldg","chunk_label":"unnamed-chunk-2","document_id":"B5FEE1F7","expansion_state":0,"options":{"echo":false,"engine":"r","include":false,"label":"unnamed-chunk-45"},"row":38,"row_count":1,"visible":true},{"chunk_id":"c87p1kr4x48df","chunk_label":"unnamed-chunk-3","document_id":"B5FEE1F7","expansion_state":0,"options":{"engine":"r","label":"unnamed-chunk-46"},"row":42,"row_count":1,"visible":true},{"chunk_id":"co6bax1wbwnuo","chunk_label":"unnamed-chunk-4","document_id":"B5FEE1F7","expansion_state":0,"options":{"engine":"r","label":"unnamed-chunk-44"},"row":49,"row_count":1,"visible":true}],"default_chunk_options":{"echo":true},"doc_write_time":1582729696,"working_dir":null}