{"chunk_definitions":[{"chunk_id":"csetup_chunk","chunk_label":"setup","document_id":"49405009","expansion_state":0,"options":{"engine":"r","include":false,"label":"setup"},"row":22,"row_count":1,"visible":true},{"chunk_id":"c9jo2h13hl4gl","chunk_label":"unnamed-chunk-1","document_id":"49405009","expansion_state":0,"options":{"echo":false,"engine":"r","include":false,"label":"unnamed-chunk-1"},"row":30,"row_count":1,"visible":true},{"chunk_id":"coivsknpm6drv","chunk_label":"unnamed-chunk-2","document_id":"49405009","expansion_state":0,"options":{"engine":"r","label":"unnamed-chunk-2"},"row":37,"row_count":1,"visible":true},{"chunk_id":"c2t73ucs0gucd","chunk_label":"unnamed-chunk-3","document_id":"49405009","expansion_state":0,"options":{"engine":"r","label":"unnamed-chunk-3"},"row":62,"row_count":1,"visible":true},{"chunk_id":"c12osvgaawfdc","chunk_label":"unnamed-chunk-4","document_id":"49405009","expansion_state":0,"options":{"engine":"r","label":"unnamed-chunk-4"},"row":87,"row_count":1,"visible":true},{"chunk_id":"ccyp5e7aquask","chunk_label":"unnamed-chunk-5","document_id":"49405009","expansion_state":0,"options":{"engine":"r","label":"unnamed-chunk-5"},"row":95,"row_count":1,"visible":true},{"chunk_id":"cjpb850qvvfez","chunk_label":"unnamed-chunk-6","document_id":"49405009","expansion_state":0,"options":{"engine":"r","label":"unnamed-chunk-6"},"row":107,"row_count":1,"visible":true},{"chunk_id":"c38orqxih3k8u","chunk_label":"unnamed-chunk-7","document_id":"49405009","expansion_state":0,"options":{"engine":"r","label":"unnamed-chunk-7"},"row":121,"row_count":1,"visible":true},{"chunk_id":"cc4aobxqd94ta","chunk_label":"unnamed-chunk-8","document_id":"49405009","expansion_state":0,"options":{"engine":"r","label":"unnamed-chunk-8"},"row":145,"row_count":1,"visible":true},{"chunk_id":"clw34skhnitc6","chunk_label":"unnamed-chunk-9","document_id":"49405009","expansion_state":0,"options":{"engine":"r","label":"unnamed-chunk-9"},"row":165,"row_count":1,"visible":true},{"chunk_id":"cadlhz8prjsnj","chunk_label":"unnamed-chunk-10","document_id":"49405009","expansion_state":0,"options":{"engine":"r","label":"unnamed-chunk-10"},"row":172,"row_count":1,"visible":true},{"chunk_id":"c3mhf8hdaql9k","chunk_label":"unnamed-chunk-11","document_id":"49405009","expansion_state":0,"options":{"engine":"r","label":"unnamed-chunk-11"},"row":184,"row_count":1,"visible":true},{"chunk_id":"c9er21kn3xizi","chunk_label":"unnamed-chunk-12","document_id":"49405009","expansion_state":0,"options":{"engine":"r","label":"unnamed-chunk-12"},"row":217,"row_count":1,"visible":true},{"chunk_id":"c9uftklezw9aw","chunk_label":"unnamed-chunk-13","document_id":"49405009","expansion_state":0,"options":{"engine":"r","label":"unnamed-chunk-13"},"row":226,"row_count":1,"visible":true},{"chunk_id":"ceb9d0z1drl8v","chunk_label":"unnamed-chunk-14","document_id":"49405009","expansion_state":0,"options":{"engine":"r","label":"unnamed-chunk-14"},"row":238,"row_count":1,"visible":true},{"chunk_id":"cm7x8tfnh3l24","chunk_label":"unnamed-chunk-15","document_id":"49405009","expansion_state":0,"options":{"engine":"r","label":"unnamed-chunk-15"},"row":251,"row_count":1,"visible":true},{"chunk_id":"ceeuq2xc33578","chunk_label":"unnamed-chunk-16","document_id":"49405009","expansion_state":0,"options":{"engine":"r","label":"unnamed-chunk-16"},"row":281,"row_count":1,"visible":true},{"chunk_id":"cu24t8h2d0y2x","chunk_label":"unnamed-chunk-17","document_id":"49405009","expansion_state":0,"options":{"engine":"r","label":"unnamed-chunk-17"},"row":330,"row_count":1,"visible":true},{"chunk_id":"crvvjp97613nj","chunk_label":"unnamed-chunk-18","document_id":"49405009","expansion_state":0,"options":{"engine":"r","label":"unnamed-chunk-18"},"row":342,"row_count":1,"visible":true},{"chunk_id":"cqx0aclraz41k","chunk_label":"unnamed-chunk-21","document_id":"49405009","expansion_state":0,"options":{"engine":"r","label":"unnamed-chunk-19"},"row":361,"row_count":1,"visible":true},{"chunk_id":"cyrcge2r6m0s8","chunk_label":"unnamed-chunk-22","document_id":"49405009","expansion_state":0,"options":{"engine":"r","label":"unnamed-chunk-20"},"row":371,"row_count":1,"visible":true},{"chunk_id":"cv2kg3d96xpie","chunk_label":"unnamed-chunk-23","document_id":"49405009","expansion_state":0,"options":{"engine":"r","label":"unnamed-chunk-21"},"row":376,"row_count":1,"visible":true},{"chunk_id":"ckpnpvonwkfg1","chunk_label":"unnamed-chunk-24","document_id":"49405009","expansion_state":0,"options":{"engine":"r","label":"unnamed-chunk-22"},"row":384,"row_count":1,"visible":true},{"chunk_id":"clsqxliixluok","chunk_label":"unnamed-chunk-25","document_id":"49405009","expansion_state":0,"options":{"engine":"r","label":"unnamed-chunk-23"},"row":392,"row_count":1,"visible":true},{"chunk_id":"cby2gimg7zhg8","chunk_label":"unnamed-chunk-26","document_id":"49405009","expansion_state":0,"options":{"engine":"r","label":"unnamed-chunk-24"},"row":397,"row_count":1,"visible":true},{"chunk_id":"c02242k2l5q62","chunk_label":"unnamed-chunk-27","document_id":"49405009","expansion_state":0,"options":{"engine":"r","label":"unnamed-chunk-25"},"row":405,"row_count":1,"visible":true},{"chunk_id":"cptpp1ft2hkhc","chunk_label":"unnamed-chunk-28","document_id":"49405009","expansion_state":0,"options":{"engine":"r","label":"unnamed-chunk-26"},"row":413,"row_count":1,"visible":true},{"chunk_id":"cknl1oc3rtkhq","chunk_label":"unnamed-chunk-29","document_id":"49405009","expansion_state":0,"options":{"engine":"r","label":"unnamed-chunk-27"},"row":418,"row_count":1,"visible":true},{"chunk_id":"cl9oj9qokfsd6","chunk_label":"unnamed-chunk-30","document_id":"49405009","expansion_state":0,"options":{"engine":"r","label":"unnamed-chunk-28"},"row":427,"row_count":1,"visible":true},{"chunk_id":"cguef7bu2mnz2","chunk_label":"unnamed-chunk-31","document_id":"49405009","expansion_state":0,"options":{"engine":"r","label":"unnamed-chunk-29"},"row":435,"row_count":1,"visible":true},{"chunk_id":"cpsg3i9xdgil8","chunk_label":"unnamed-chunk-32","document_id":"49405009","expansion_state":0,"options":{"engine":"r","label":"unnamed-chunk-30"},"row":440,"row_count":1,"visible":true},{"chunk_id":"cabl34kj9mhfu","chunk_label":"unnamed-chunk-33","document_id":"49405009","expansion_state":0,"options":{"engine":"r","label":"unnamed-chunk-31"},"row":449,"row_count":1,"visible":true},{"chunk_id":"cgc6d5akql99g","chunk_label":"unnamed-chunk-34","document_id":"49405009","expansion_state":0,"options":{"echo":true,"engine":"r","label":"unnamed-chunk-32"},"row":468,"row_count":1,"visible":true}],"chunk_rendered_width":700,"default_chunk_options":{"echo":true},"doc_write_time":1586233782,"working_dir":null}