"0","train[c(62, 830), 'Embarked']   # => [1] """" """""
"1","[1]"
"1"," """""
"1"," """""
"1","
"
"0","# Let's delete them"
"0","# train <- train %>%  filter(PassengerId != 62 & PassengerId != 830)"
"0","# Instead of delete them it's better to replace their embarkment with ""C"", since there fare was $80 for 1st class."
"0","train$Embarked[c(62, 830)] <- c(""C"", ""C"")"
"0","# show the table of counts"
"0","count_table <- table(train$Embarked, train$Survived)"
"0","count_table"
"1","   
"
"1","   "
"1","   0"
"1","   1"
"1","
  C"
"1","  75"
"1","  95"
"1","
  Q"
"1","  47"
"1","  30"
"1","
  S"
"1"," 427"
"1"," 217"
"1","
"
