"0","set.seed(1)"
"0","train <- full[1:891,]"
"0","## define 'Survived' to be 1 if any passenger survived; 0 if died"
"0","train$Survived <- as.numeric(train$Survived == 1)"
"0",""
"0",""
"0","## define the variable 'Sex'"
"0","## is 0 if Sex is light medium or medium."
"0","## is 1 if color is dark medium or dark."
"0","# Sex <- factor(ifelse(crabs$color <= 2, ""not dark"", ""dark""))"
"0","train$Sex <- factor(train$Sex)"
"0",""
"0","## Redefine the Pclass factor variable ordered as"
"0","## 1: Class_1, 2: Class_2, 3: Class_3, Otherwise: Error."
"0","## (factors by default are ordered alphabetically)"
"0","train$Pclass <-"
"0","  factor(ifelse(train$Pclass==1, ""Class_1"","
"0","                ifelse(train$Pclass==2, ""Class_2"","
"0","                       ifelse(train$Pclass==3, ""Class_3"", ""Error""))),"
"0","         levels=c(""Class_1"", ""Class_2"", ""Class_3""))"
"0",""
"0","## Redefine the Fsize factor variable ordered as"
"0","## 1: solo, 2: double, 3: Fsize_3, 4: Fsize_4, 5: large_family"
"0","## (factors by default are ordered alphabetically)"
"0","# train$Fsize <-"
"0","#   factor(ifelse(train$Fsize==1, ""solo"","
"0","#             ifelse(train$Fsize==2, ""double"","
"0","#               ifelse(train$Fsize==3, ""Fsize_3"","
"0","#                 ifelse(train$Fsize==4, ""Fsize_4"", ""large_family"")))),"
"0","#          levels=c(""solo"", ""double"", ""Fsize_3"", ""Fsize_4"", ""large_family""))"
"0",""
"0","# Alternatively: "
"0","train$Fsize[train$Fsize>=5] <- 'large_family' # THis must go first, otherwise it won't work"
"0","train$Fsize[train$Fsize==1] <- 'solo'"
"0","train$Fsize[train$Fsize==2] <- 'double'"
"0","train$Fsize[train$Fsize==3] <- 'Fsize_3'"
"0","train$Fsize[train$Fsize==4] <- 'Fsize_4'"
"0","train$Fsize <- as.factor(train$Fsize)"
"0","# levels(train$Fsize) <- c(""solo"",""double"",""Fsize_3"",""Fsize_4"",""large_family"")"
"0",""
"0","factor_vars <- c('Pclass','Sex','Embarked', 'Title','Surname','Family','Fsize')"
"0",""
"0","train[factor_vars] <- lapply(train[factor_vars], function(x) as.factor(x))"
