"0","full[c(62, 830), 'Embarked']"
"1","[1]"
"1"," ""C"""
"1"," ""C"""
"1","
"
"0","# Get rid of our missing passenger IDs"
"0","embark_fare <- full %>%"
"0","  filter(PassengerId != 62 & PassengerId != 830)"
"0",""
"0","# Use ggplot2 to visualize embarkment, passenger class, & median fare"
"0","ggplot(embark_fare, aes(x = Embarked, y = Fare, fill = factor(Pclass))) +"
"0","  geom_boxplot() +"
"0","  geom_hline(aes(yintercept=80), "
"0","  colour='red', linetype='dashed', lwd=2) +"
"0","  theme_few()"
"0",""
