"0","# Grab title from passenger names"
"0","full$Title <- gsub('(.*, )|(\\..*)', '', full$Name)"
"0",""
"0","cat(""Show title counts by sex:"")"
"1","Show title counts by sex:"
"0","table(full$Sex, full$Title)"
"1","        
"
"1","        "
"1"," Capt"
"1"," Col"
"1"," Don"
"1"," Dona"
"1","  Dr"
"1"," Jonkheer"
"1"," Lady"
"1"," Major"
"1"," Master"
"1"," Miss"
"1"," Mlle"
"1"," Mme"
"1","  Mr"
"1"," Mrs"
"1","  Ms"
"1"," Rev"
"1"," Sir"
"1"," the Countess"
"1","
  female"
"1","    0"
"1","   0"
"1","   0"
"1","    1"
"1","   1"
"1","        0"
"1","    1"
"1","     0"
"1","      0"
"1","  260"
"1","    2"
"1","   1"
"1","   0"
"1"," 197"
"1","   2"
"1","   0"
"1","   0"
"1","            1"
"1","
  male  "
"1","    1"
"1","   4"
"1","   1"
"1","    0"
"1","   7"
"1","        1"
"1","    0"
"1","     2"
"1","     61"
"1","    0"
"1","    0"
"1","   0"
"1"," 757"
"1","   0"
"1","   0"
"1","   8"
"1","   1"
"1","            0"
"1","
"
"0","# kable(table(full$Sex, full$Title)) # A fance table for html presentation"
"0",""
"0","# Titles with very low cell counts to be combined to ""rare"" level"
"0","rare_title <- c('Dona', 'Lady', 'the Countess','Capt', 'Col', 'Don', "
"0","                'Dr', 'Major', 'Rev', 'Sir', 'Jonkheer')"
"0",""
"0","# Also reassign mlle, ms, and mme accordingly"
"0","full$Title[full$Title == 'Mlle']        <- 'Miss' "
"0","full$Title[full$Title == 'Ms']          <- 'Miss'"
"0","full$Title[full$Title == 'Mme']         <- 'Mrs' "
"0","full$Title[full$Title %in% rare_title]  <- 'Rare Title'"
"0",""
"0","cat(""\nShow title counts by sex after merged title has very few count in the data: "") "
"1","
Show title counts by sex after merged title has very few count in the data: "
"0","table(full$Sex, full$Title)"
"1","        
"
"1","        "
"1"," Master"
"1"," Miss"
"1","  Mr"
"1"," Mrs"
"1"," Rare Title"
"1","
  female"
"1","      0"
"1","  264"
"1","   0"
"1"," 198"
"1","          4"
"1","
  male  "
"1","     61"
"1","    0"
"1"," 757"
"1","   0"
"1","         25"
"1","
"
"0","# Finally, grab surname from passenger name"
"0","full$Surname <- sapply(full$Name,  "
"0","                      function(x) strsplit(x, split = '[,.]')[[1]][1])"
"0","cat(""\nHead of full$Surname:\n"")"
"1","
Head of full$Surname:
"
"0","head(full$Surname)"
"1","[1]"
"1"," ""Braund""   "
"1"," ""Cumings""  "
"1"," ""Heikkinen"""
"1"," ""Futrelle"" "
"1"," ""Allen""    "
"1"," ""Moran""    "
"1","
"
