"0","# geom_bar vs geom_hist: "
"0","#   - Bar charts provide a visual presentation of categorical data"
"0","#   - Histograms are used to plot the distribution of data"
"0",""
"0","# Pclass vs Sex Vs Survived"
"0","p1 <- ggplot(full[1:891,], aes(Pclass, fill = factor(Survived))) + "
"0","  geom_bar(stat='count') + "
"0","  xlab(""Pclass"") +"
"0","  facet_grid(.~Sex)+"
"0","  ggtitle(""Pclass vs Sex vs Survived"") +"
"0","  geom_label(stat='count',aes(label=..count..)) +"
"0","  scale_fill_discrete(name = ""Survived"") # For the label in the right"
"0",""
"0","p2 <- ggplot(full[1:891,], aes(x = Pclass, fill = factor(Survived))) +"
"0","  geom_bar(stat='count', position='fill') +"
"0","  labs(x = 'Passenger class', y= ""Percent"") + "
"0","  facet_grid(.~Sex) +"
"0","  theme(legend.position=""none"")"
"0","grid.arrange(p1, p2, ncol=2)"
